{"cameraMode":{"drawMode":0,"name":"Shaded","section":"Shading Mode"},"sceneLighting":true,"audioPlay":false,"sceneViewState":{"showFog":true,"showMaterialUpdate":false,"showSkybox":true,"showFlares":true,"showImageEffects":true,"showParticleSystems":true},"in2DMode":false,"pivot":{"x":16.24886703491211,"y":-1.2560820579528809,"z":-29.862743377685548},"rotation":{"x":0.00019738949777092785,"y":-0.9994745254516602,"z":-0.03209533169865608,"w":-0.006014809478074312},"size":10.0,"orthographic":false}